{"cameraMode":{"drawMode":0,"name":"Shaded","section":"Shading Mode"},"sceneLighting":true,"audioPlay":false,"sceneViewState":{"showFog":true,"showMaterialUpdate":false,"showSkybox":true,"showFlares":true,"showImageEffects":true,"showParticleSystems":true},"in2DMode":false,"pivot":{"x":-1.3511008024215699,"y":2.7777786254882814,"z":-1.9630866050720215},"rotation":{"x":0.15329156816005708,"y":-0.001482417923398316,"z":0.00022999588691163808,"w":0.9881818294525147},"size":7.342697620391846,"orthographic":false}