{"cameraMode":{"drawMode":0,"name":"Shaded","section":"Shading Mode"},"sceneLighting":false,"audioPlay":false,"sceneViewState":{"showFog":true,"showMaterialUpdate":false,"showSkybox":false,"showFlares":true,"showImageEffects":true,"showParticleSystems":true},"in2DMode":false,"pivot":{"x":5.960464477539063e-8,"y":0.18426133692264558,"z":8.940696716308594e-8},"rotation":{"x":0.15329156816005708,"y":-0.001482417923398316,"z":0.00022999588691163808,"w":0.9881818294525147},"size":0.36517730355262759,"orthographic":false}