{"count":1,"self":8596.4300288,"total":21054.5439218,"children":{"AgentSendState":{"count":2324701,"self":136.435264,"total":9972.1242576,"children":{"CollectObservations":{"count":1394823,"self":8154.8615679999994,"total":8154.8618578999994,"children":null},"CollectDiscreteActionMasks":{"count":1394823,"self":10.1461296,"total":10.1461293,"children":null},"AgentInfo.ToProto":{"count":1394823,"self":42.226816,"total":1670.6810125,"children":{"GenerateSensorData":{"count":1394823,"self":1628.4541952,"total":1628.454198,"children":null}}}}},"DecideAction":{"count":2324701,"self":2383.474688,"total":2383.4746806999997,"children":null},"AgentAct":{"count":2324701,"self":74.4289344,"total":74.4289335,"children":null},"AgentInfo.ToProto":{"count":26769,"self":1.0191222,"total":28.084007999999997,"children":{"GenerateSensorData":{"count":26769,"self":27.0648864,"total":27.0648858,"children":null}}}},"gauges":{"RollerBall.CumulativeReward":{"count":26769,"max":3.481278,"min":-0.157199055,"runningAverage":0.123392418,"value":0.0299999937,"weightedAverage":0.009709867}},"metadata":{"timer_format_version":"0.1.0","start_time_seconds":"1597046998","unity_version":"2019.3.13f1","command_line_arguments":"C:\\Users\\wonst\\Documents\\File\\Unity\\2019.3.13f1\\Editor\\Unity.exe -projectpath C:\/Users\/wonst\/ml-agents\/Project\/FactoryEnvironmentV2 -useHub -hubIPC -cloudEnvironment production -hubSessionId 64346dc0-da5e-11ea-b124-df552165dba8 -accessToken CGOQtKW4w2uobBEqJf92uVmSB0-GhjhXZ5Z-aweJKh0002f","communication_protocol_version":"1.0.0","com.unity.ml-agents_version":"1.0.3","scene_name":"CityCombat","end_time_seconds":"1597068052"}}